﻿<?xml version="1.0" encoding="utf-8"?><flow xmlns:xsi="http://www.w3.org/2001/XMLSchema-instance" xmlns:xsd="http://www.w3.org/2001/XMLSchema"><Property><prop name="name" value="Разъяснения положений документации 223ФЗ" /><prop name="title" value="Запросы на разъяснение" /><prop name="law" value="" /><prop name="projectSettings" value="NoProjects" /><prop name="form" value="LRequest223" /><prop name="regOnBase" value="CurrentDocLink" /><prop name="defTemplate" value="[Template] Ответ на запрос" /><prop name="templateObserver" value="" /><prop name="isHistoryEnabled" value="False" /></Property></flow>