﻿<?xml version="1.0" encoding="utf-8"?><DocflowSecurityConfiguration xmlns:xsi="http://www.w3.org/2001/XMLSchema-instance" xmlns:xsd="http://www.w3.org/2001/XMLSchema"><Policies><DocumentAccessUserPolicy><Name>Политика по умолчанию</Name><ExplicitAcl><AclEntryOfDocumentAclFlags><Subject>[WorkGroup] Суперпользователи</Subject><Profile>[AclEntryProfile] Редактирование документа</Profile><Mask>None</Mask></AclEntryOfDocumentAclFlags><AclEntryOfDocumentAclFlags><Subject>[WorkGroup] Комиссия по закупкам</Subject><Profile>[AclEntryProfile] Редактирование документа</Profile><Mask>None</Mask></AclEntryOfDocumentAclFlags><AclEntryOfDocumentAclFlags><Subject>[WorkGroup] Инициаторы</Subject><Profile>[AclEntryProfile] Редактирование документа</Profile><Mask>None</Mask></AclEntryOfDocumentAclFlags><AclEntryOfDocumentAclFlags><Subject>[WorkGroup] Бюджетный комитет</Subject><Profile>[AclEntryProfile] Редактирование документа</Profile><Mask>None</Mask></AclEntryOfDocumentAclFlags><AclEntryOfDocumentAclFlags><Subject>[WorkGroup] Юридический департамент</Subject><Profile>[AclEntryProfile] Редактирование документа</Profile><Mask>None</Mask></AclEntryOfDocumentAclFlags><AclEntryOfDocumentAclFlags><Subject>[WorkGroup] Управление бюджетирования</Subject><Profile>[AclEntryProfile] Редактирование документа</Profile><Mask>None</Mask></AclEntryOfDocumentAclFlags><AclEntryOfDocumentAclFlags><Subject>[WorkGroup] Специалист по закупкам</Subject><Profile>[AclEntryProfile] Редактирование документа</Profile><Mask>None</Mask></AclEntryOfDocumentAclFlags><AclEntryOfDocumentAclFlags><Subject>[WorkGroup] Курирующий Зам Пред</Subject><Profile>[AclEntryProfile] Редактирование документа</Profile><Mask>None</Mask></AclEntryOfDocumentAclFlags><AclEntryOfDocumentAclFlags><Subject>[WorkGroup] Руководитель инициатора</Subject><Profile>[AclEntryProfile] Редактирование документа</Profile><Mask>None</Mask></AclEntryOfDocumentAclFlags></ExplicitAcl><ExplicitControlStateBehavior>ReadOnly</ExplicitControlStateBehavior><ExplicitControlCompletedStateBehavior>AsForNoControlState</ExplicitControlCompletedStateBehavior><ExplicitControlCancelledStateBehavior>AsForNoControlState</ExplicitControlCancelledStateBehavior><ImplicitAcl><AclEntryOfDocumentAclFlags><Subject>Registrator</Subject><Mask>ViewRegAndControlCardsAndWorkflow EditRegCard RegisterSelfBasedDocument StartControl StartRouteBasedProcess ManageDocumentLinks CreateTasks ViewAttachedFiles AddAndManageOwnedAttachedFiles DeleteAnyNonConfirmedAttachedFiles PrintRegAndControlCards EmailDocument EditDocumentAccessRights ExportApprovalList ExportAttachedFileToExternalApplication</Mask></AclEntryOfDocumentAclFlags><AclEntryOfDocumentAclFlags><Subject>DocumentObserver</Subject><Mask>ViewRegAndControlCardsAndWorkflow EditRegCard RegisterSelfBasedDocument StartRouteBasedProcess ManageDocumentLinks CreateTasks ViewAttachedFiles AddAndManageOwnedAttachedFiles DeleteAnyNonConfirmedAttachedFiles PrintRegAndControlCards EmailDocument EditDocumentAccessRights ExportApprovalList EditControlCard DeleteConfirmedAttachedFiles ExportAttachedFileToExternalApplication</Mask></AclEntryOfDocumentAclFlags><AclEntryOfDocumentAclFlags><Subject>ProcessObserver</Subject><Mask>ViewRegAndControlCardsAndWorkflow EditRegCard StartRouteBasedProcess CreateTasks ViewAttachedFiles AddAndManageOwnedAttachedFiles PrintRegAndControlCards EmailDocument EditDocumentAccessRights ExportApprovalList EditControlCard DeleteConfirmedAttachedFiles ExportAttachedFileToExternalApplication</Mask></AclEntryOfDocumentAclFlags><AclEntryOfDocumentAclFlags><Subject>WorkgroupParticipantBeforeActivityAccept</Subject><Mask>ViewRegAndControlCardsAndWorkflow</Mask></AclEntryOfDocumentAclFlags><AclEntryOfDocumentAclFlags><Subject>ExtendedObserver</Subject><Mask>ViewRegAndControlCardsAndWorkflow ViewAttachedFiles ExportAttachedFileToExternalApplication</Mask></AclEntryOfDocumentAclFlags><AclEntryOfDocumentAclFlags><Subject>WorkgroupChief</Subject><Mask>ViewRegAndControlCardsAndWorkflow EditRegCard StartControl StartRouteBasedProcess ManageDocumentLinks CreateTasks ViewAttachedFiles AddAndManageOwnedAttachedFiles PrintRegAndControlCards EmailDocument DeleteConfirmedAttachedFiles ExportAttachedFileToExternalApplication</Mask></AclEntryOfDocumentAclFlags><AclEntryOfDocumentAclFlags><Subject>DocflowAdmin</Subject><Mask>ViewRegAndControlCardsAndWorkflow EditRegCard RegisterSelfBasedDocument StartControl StartRouteBasedProcess ManageDocumentLinks CreateTasks ViewAttachedFiles AddAndManageOwnedAttachedFiles DeleteAnyNonConfirmedAttachedFiles PrintRegAndControlCards EmailDocument EditDocumentAccessRights ExportApprovalList EditControlCard DeleteConfirmedAttachedFiles ExportAttachedFileToExternalApplication</Mask></AclEntryOfDocumentAclFlags><AclEntryOfDocumentAclFlags><Subject>FlowManager</Subject><Mask>ViewRegAndControlCardsAndWorkflow EditRegCard RegisterSelfBasedDocument StartControl StartRouteBasedProcess ManageDocumentLinks CreateTasks ViewAttachedFiles AddAndManageOwnedAttachedFiles DeleteAnyNonConfirmedAttachedFiles PrintRegAndControlCards EmailDocument EditDocumentAccessRights ExportApprovalList EditControlCard DeleteConfirmedAttachedFiles ExportAttachedFileToExternalApplication</Mask></AclEntryOfDocumentAclFlags><AclEntryOfDocumentAclFlags><Subject>ExceptionPerformer</Subject><Mask>ViewRegAndControlCardsAndWorkflow</Mask></AclEntryOfDocumentAclFlags><AclEntryOfDocumentAclFlags><Subject>ChiefOfInitiator</Subject><Mask>EditRegCard ManageDocumentLinks DeleteAnyNonConfirmedAttachedFiles ExportAttachedFileToExternalApplication</Mask></AclEntryOfDocumentAclFlags><AclEntryOfDocumentAclFlags><Subject>Initiator</Subject><Mask>EditRegCard ManageDocumentLinks DeleteAnyNonConfirmedAttachedFiles ExportAttachedFileToExternalApplication</Mask></AclEntryOfDocumentAclFlags><AclEntryOfDocumentAclFlags><Subject>PerformerChief</Subject><Mask>ViewRegAndControlCardsAndWorkflow</Mask></AclEntryOfDocumentAclFlags><AclEntryOfDocumentAclFlags><Subject>DocumentPerformer</Subject><Mask>ViewRegAndControlCardsAndWorkflow EditRegCard RegisterSelfBasedDocument StartControl StartRouteBasedProcess ManageDocumentLinks CreateTasks ViewAttachedFiles AddAndManageOwnedAttachedFiles DeleteAnyNonConfirmedAttachedFiles PrintRegAndControlCards EmailDocument EditDocumentAccessRights ExportApprovalList ExportAttachedFileToExternalApplication</Mask></AclEntryOfDocumentAclFlags><AclEntryOfDocumentAclFlags><Subject>LookingForCoperformer</Subject><Mask>ViewRegAndControlCardsAndWorkflow RegisterSelfBasedDocument ViewAttachedFiles</Mask></AclEntryOfDocumentAclFlags><AclEntryOfDocumentAclFlags><Subject>LookingForCoperformerWithEditingRight</Subject><Mask>ViewRegAndControlCardsAndWorkflow EditRegCard RegisterSelfBasedDocument ManageDocumentLinks ViewAttachedFiles AddAndManageOwnedAttachedFiles DeleteAnyNonConfirmedAttachedFiles ExportAttachedFileToExternalApplication</Mask></AclEntryOfDocumentAclFlags><AclEntryOfDocumentAclFlags><Subject>ConfirmerCoperformer</Subject><Mask>ViewRegAndControlCardsAndWorkflow RegisterSelfBasedDocument ViewAttachedFiles</Mask></AclEntryOfDocumentAclFlags><AclEntryOfDocumentAclFlags><Subject>ConfirmerCoperformerWithEditingRight</Subject><Mask>ViewRegAndControlCardsAndWorkflow EditRegCard RegisterSelfBasedDocument ManageDocumentLinks ViewAttachedFiles AddAndManageOwnedAttachedFiles DeleteAnyNonConfirmedAttachedFiles ExportAttachedFileToExternalApplication</Mask></AclEntryOfDocumentAclFlags><AclEntryOfDocumentAclFlags><Subject>ApproverCoperformer</Subject><Mask>ViewRegAndControlCardsAndWorkflow RegisterSelfBasedDocument ViewAttachedFiles</Mask></AclEntryOfDocumentAclFlags><AclEntryOfDocumentAclFlags><Subject>ApproverCoperformerWithEditingRight</Subject><Mask>ViewRegAndControlCardsAndWorkflow EditRegCard RegisterSelfBasedDocument ManageDocumentLinks ViewAttachedFiles AddAndManageOwnedAttachedFiles DeleteAnyNonConfirmedAttachedFiles ExportAttachedFileToExternalApplication</Mask></AclEntryOfDocumentAclFlags><AclEntryOfDocumentAclFlags><Subject>TaskPowerPerformer</Subject><Mask>ViewRegAndControlCardsAndWorkflow RegisterSelfBasedDocument ManageDocumentLinks ViewAttachedFiles</Mask></AclEntryOfDocumentAclFlags><AclEntryOfDocumentAclFlags><Subject>TaskPowerPerformerWithEditingRight</Subject><Mask>ViewRegAndControlCardsAndWorkflow EditRegCard RegisterSelfBasedDocument ManageDocumentLinks ViewAttachedFiles AddAndManageOwnedAttachedFiles EmailDocument ExportAttachedFileToExternalApplication</Mask></AclEntryOfDocumentAclFlags><AclEntryOfDocumentAclFlags><Subject>TaskCoperformer</Subject><Mask>ViewRegAndControlCardsAndWorkflow RegisterSelfBasedDocument ViewAttachedFiles</Mask></AclEntryOfDocumentAclFlags><AclEntryOfDocumentAclFlags><Subject>TaskCoperformerWithEditingRight</Subject><Mask>ViewRegAndControlCardsAndWorkflow EditRegCard RegisterSelfBasedDocument ManageDocumentLinks ViewAttachedFiles AddAndManageOwnedAttachedFiles ExportAttachedFileToExternalApplication</Mask></AclEntryOfDocumentAclFlags><AclEntryOfDocumentAclFlags><Subject>LookingFor</Subject><Mask>ViewRegAndControlCardsAndWorkflow ViewAttachedFiles ExportAttachedFileToExternalApplication</Mask></AclEntryOfDocumentAclFlags><AclEntryOfDocumentAclFlags><Subject>Approver</Subject><Mask>ViewRegAndControlCardsAndWorkflow EditRegCard ViewAttachedFiles AddAndManageOwnedAttachedFiles DeleteAnyNonConfirmedAttachedFiles ExportAttachedFileToExternalApplication</Mask></AclEntryOfDocumentAclFlags><AclEntryOfDocumentAclFlags><Subject>Confirmer</Subject><Mask>ViewRegAndControlCardsAndWorkflow ViewAttachedFiles DeleteAnyNonConfirmedAttachedFiles ExportAttachedFileToExternalApplication</Mask></AclEntryOfDocumentAclFlags></ImplicitAcl><ImplicitTaskFinishedBehavior>ReadOnly</ImplicitTaskFinishedBehavior><ExtraAcl /></DocumentAccessUserPolicy><DocumentAccessUserPolicy><Name>Политика Положение о закупках</Name><ExplicitAcl><AclEntryOfDocumentAclFlags><Subject>[WorkGroup] Суперпользователи</Subject><Profile>[AclEntryProfile] Редактирование документа</Profile><Mask>None</Mask></AclEntryOfDocumentAclFlags><AclEntryOfDocumentAclFlags><Subject>[WorkGroup] Комиссия по закупкам</Subject><Profile>[AclEntryProfile] Редактирование документа</Profile><Mask>None</Mask></AclEntryOfDocumentAclFlags><AclEntryOfDocumentAclFlags><Subject>[WorkGroup] Инициаторы</Subject><Profile>[AclEntryProfile] Редактирование документа</Profile><Mask>None</Mask></AclEntryOfDocumentAclFlags><AclEntryOfDocumentAclFlags><Subject>[WorkGroup] Бюджетный комитет</Subject><Profile>[AclEntryProfile] Редактирование документа</Profile><Mask>None</Mask></AclEntryOfDocumentAclFlags><AclEntryOfDocumentAclFlags><Subject>[WorkGroup] Юридический департамент</Subject><Profile>[AclEntryProfile] Редактирование документа</Profile><Mask>None</Mask></AclEntryOfDocumentAclFlags><AclEntryOfDocumentAclFlags><Subject>[WorkGroup] Управление бюджетирования</Subject><Profile>[AclEntryProfile] Редактирование документа</Profile><Mask>None</Mask></AclEntryOfDocumentAclFlags><AclEntryOfDocumentAclFlags><Subject>[WorkGroup] Специалист по закупкам</Subject><Profile>[AclEntryProfile] Редактирование документа</Profile><Mask>None</Mask></AclEntryOfDocumentAclFlags><AclEntryOfDocumentAclFlags><Subject>[WorkGroup] Курирующий Зам Пред</Subject><Profile>[AclEntryProfile] Редактирование документа</Profile><Mask>None</Mask></AclEntryOfDocumentAclFlags><AclEntryOfDocumentAclFlags><Subject>[WorkGroup] Руководитель инициатора</Subject><Profile>[AclEntryProfile] Редактирование документа</Profile><Mask>None</Mask></AclEntryOfDocumentAclFlags></ExplicitAcl><ExplicitControlStateBehavior>ReadOnly</ExplicitControlStateBehavior><ExplicitControlCompletedStateBehavior>AsForNoControlState</ExplicitControlCompletedStateBehavior><ExplicitControlCancelledStateBehavior>AsForNoControlState</ExplicitControlCancelledStateBehavior><ImplicitAcl><AclEntryOfDocumentAclFlags><Subject>Registrator</Subject><Mask>ViewRegAndControlCardsAndWorkflow EditRegCard RegisterSelfBasedDocument StartControl StartRouteBasedProcess ManageDocumentLinks CreateTasks ViewAttachedFiles AddAndManageOwnedAttachedFiles DeleteAnyNonConfirmedAttachedFiles PrintRegAndControlCards EmailDocument EditDocumentAccessRights ExportApprovalList ExportAttachedFileToExternalApplication</Mask></AclEntryOfDocumentAclFlags><AclEntryOfDocumentAclFlags><Subject>DocumentObserver</Subject><Mask>ViewRegAndControlCardsAndWorkflow EditRegCard RegisterSelfBasedDocument StartRouteBasedProcess ManageDocumentLinks CreateTasks ViewAttachedFiles AddAndManageOwnedAttachedFiles DeleteAnyNonConfirmedAttachedFiles PrintRegAndControlCards EmailDocument EditDocumentAccessRights ExportApprovalList EditControlCard DeleteConfirmedAttachedFiles ExportAttachedFileToExternalApplication</Mask></AclEntryOfDocumentAclFlags><AclEntryOfDocumentAclFlags><Subject>ProcessObserver</Subject><Mask>ViewRegAndControlCardsAndWorkflow EditRegCard StartRouteBasedProcess CreateTasks ViewAttachedFiles AddAndManageOwnedAttachedFiles PrintRegAndControlCards EmailDocument EditDocumentAccessRights ExportApprovalList EditControlCard DeleteConfirmedAttachedFiles ExportAttachedFileToExternalApplication</Mask></AclEntryOfDocumentAclFlags><AclEntryOfDocumentAclFlags><Subject>WorkgroupParticipantBeforeActivityAccept</Subject><Mask>ViewRegAndControlCardsAndWorkflow</Mask></AclEntryOfDocumentAclFlags><AclEntryOfDocumentAclFlags><Subject>ExtendedObserver</Subject><Mask>ViewRegAndControlCardsAndWorkflow ViewAttachedFiles ExportAttachedFileToExternalApplication</Mask></AclEntryOfDocumentAclFlags><AclEntryOfDocumentAclFlags><Subject>WorkgroupChief</Subject><Mask>ViewRegAndControlCardsAndWorkflow EditRegCard StartControl StartRouteBasedProcess ManageDocumentLinks CreateTasks ViewAttachedFiles AddAndManageOwnedAttachedFiles PrintRegAndControlCards EmailDocument DeleteConfirmedAttachedFiles ExportAttachedFileToExternalApplication</Mask></AclEntryOfDocumentAclFlags><AclEntryOfDocumentAclFlags><Subject>DocflowAdmin</Subject><Mask>ViewRegAndControlCardsAndWorkflow EditRegCard RegisterSelfBasedDocument StartControl StartRouteBasedProcess ManageDocumentLinks CreateTasks ViewAttachedFiles AddAndManageOwnedAttachedFiles DeleteAnyNonConfirmedAttachedFiles PrintRegAndControlCards EmailDocument EditDocumentAccessRights ExportApprovalList EditControlCard DeleteConfirmedAttachedFiles ExportAttachedFileToExternalApplication</Mask></AclEntryOfDocumentAclFlags><AclEntryOfDocumentAclFlags><Subject>FlowManager</Subject><Mask>ViewRegAndControlCardsAndWorkflow EditRegCard RegisterSelfBasedDocument StartControl StartRouteBasedProcess ManageDocumentLinks CreateTasks ViewAttachedFiles AddAndManageOwnedAttachedFiles DeleteAnyNonConfirmedAttachedFiles PrintRegAndControlCards EmailDocument EditDocumentAccessRights ExportApprovalList EditControlCard DeleteConfirmedAttachedFiles ExportAttachedFileToExternalApplication</Mask></AclEntryOfDocumentAclFlags><AclEntryOfDocumentAclFlags><Subject>ExceptionPerformer</Subject><Mask>ViewRegAndControlCardsAndWorkflow</Mask></AclEntryOfDocumentAclFlags><AclEntryOfDocumentAclFlags><Subject>ChiefOfInitiator</Subject><Mask>EditRegCard ManageDocumentLinks DeleteAnyNonConfirmedAttachedFiles ExportAttachedFileToExternalApplication</Mask></AclEntryOfDocumentAclFlags><AclEntryOfDocumentAclFlags><Subject>Initiator</Subject><Mask>EditRegCard ManageDocumentLinks DeleteAnyNonConfirmedAttachedFiles ExportAttachedFileToExternalApplication</Mask></AclEntryOfDocumentAclFlags><AclEntryOfDocumentAclFlags><Subject>PerformerChief</Subject><Mask>ViewRegAndControlCardsAndWorkflow</Mask></AclEntryOfDocumentAclFlags><AclEntryOfDocumentAclFlags><Subject>DocumentPerformer</Subject><Mask>ViewRegAndControlCardsAndWorkflow EditRegCard RegisterSelfBasedDocument StartControl StartRouteBasedProcess ManageDocumentLinks CreateTasks ViewAttachedFiles AddAndManageOwnedAttachedFiles DeleteAnyNonConfirmedAttachedFiles PrintRegAndControlCards EmailDocument EditDocumentAccessRights ExportApprovalList ExportAttachedFileToExternalApplication</Mask></AclEntryOfDocumentAclFlags><AclEntryOfDocumentAclFlags><Subject>LookingForCoperformer</Subject><Mask>None</Mask></AclEntryOfDocumentAclFlags><AclEntryOfDocumentAclFlags><Subject>LookingForCoperformerWithEditingRight</Subject><Mask>None</Mask></AclEntryOfDocumentAclFlags><AclEntryOfDocumentAclFlags><Subject>ConfirmerCoperformer</Subject><Mask>None</Mask></AclEntryOfDocumentAclFlags><AclEntryOfDocumentAclFlags><Subject>ConfirmerCoperformerWithEditingRight</Subject><Mask>None</Mask></AclEntryOfDocumentAclFlags><AclEntryOfDocumentAclFlags><Subject>ApproverCoperformer</Subject><Mask>None</Mask></AclEntryOfDocumentAclFlags><AclEntryOfDocumentAclFlags><Subject>ApproverCoperformerWithEditingRight</Subject><Mask>None</Mask></AclEntryOfDocumentAclFlags><AclEntryOfDocumentAclFlags><Subject>TaskPowerPerformer</Subject><Mask>ViewRegAndControlCardsAndWorkflow RegisterSelfBasedDocument ManageDocumentLinks ViewAttachedFiles</Mask></AclEntryOfDocumentAclFlags><AclEntryOfDocumentAclFlags><Subject>TaskPowerPerformerWithEditingRight</Subject><Mask>ViewRegAndControlCardsAndWorkflow EditRegCard RegisterSelfBasedDocument ManageDocumentLinks ViewAttachedFiles AddAndManageOwnedAttachedFiles DeleteAnyNonConfirmedAttachedFiles EmailDocument ExportAttachedFileToExternalApplication</Mask></AclEntryOfDocumentAclFlags><AclEntryOfDocumentAclFlags><Subject>TaskCoperformer</Subject><Mask>ViewRegAndControlCardsAndWorkflow RegisterSelfBasedDocument ViewAttachedFiles</Mask></AclEntryOfDocumentAclFlags><AclEntryOfDocumentAclFlags><Subject>TaskCoperformerWithEditingRight</Subject><Mask>ViewRegAndControlCardsAndWorkflow EditRegCard RegisterSelfBasedDocument ManageDocumentLinks ViewAttachedFiles AddAndManageOwnedAttachedFiles DeleteAnyNonConfirmedAttachedFiles ExportAttachedFileToExternalApplication</Mask></AclEntryOfDocumentAclFlags><AclEntryOfDocumentAclFlags><Subject>LookingFor</Subject><Mask>ViewRegAndControlCardsAndWorkflow ViewAttachedFiles ExportAttachedFileToExternalApplication</Mask></AclEntryOfDocumentAclFlags><AclEntryOfDocumentAclFlags><Subject>Approver</Subject><Mask>ViewRegAndControlCardsAndWorkflow EditRegCard ViewAttachedFiles AddAndManageOwnedAttachedFiles DeleteAnyNonConfirmedAttachedFiles ExportAttachedFileToExternalApplication</Mask></AclEntryOfDocumentAclFlags><AclEntryOfDocumentAclFlags><Subject>Confirmer</Subject><Mask>ViewRegAndControlCardsAndWorkflow ViewAttachedFiles DeleteAnyNonConfirmedAttachedFiles ExportAttachedFileToExternalApplication</Mask></AclEntryOfDocumentAclFlags></ImplicitAcl><ImplicitTaskFinishedBehavior>ReadOnly</ImplicitTaskFinishedBehavior><ExtraAcl /></DocumentAccessUserPolicy><DocumentAccessUserPolicy><Name>Политика Планы закупок</Name><ExplicitAcl><AclEntryOfDocumentAclFlags><Subject>[WorkGroup] Суперпользователи</Subject><Profile>[AclEntryProfile] Редактирование документа</Profile><Mask>None</Mask></AclEntryOfDocumentAclFlags><AclEntryOfDocumentAclFlags><Subject>[WorkGroup] Комиссия по закупкам</Subject><Profile>[AclEntryProfile] Редактирование документа</Profile><Mask>None</Mask></AclEntryOfDocumentAclFlags><AclEntryOfDocumentAclFlags><Subject>[WorkGroup] Инициаторы</Subject><Profile>[AclEntryProfile] Редактирование документа</Profile><Mask>None</Mask></AclEntryOfDocumentAclFlags><AclEntryOfDocumentAclFlags><Subject>[WorkGroup] Бюджетный комитет</Subject><Profile>[AclEntryProfile] Редактирование документа</Profile><Mask>None</Mask></AclEntryOfDocumentAclFlags><AclEntryOfDocumentAclFlags><Subject>[WorkGroup] Юридический департамент</Subject><Profile>[AclEntryProfile] Редактирование документа</Profile><Mask>None</Mask></AclEntryOfDocumentAclFlags><AclEntryOfDocumentAclFlags><Subject>[WorkGroup] Управление бюджетирования</Subject><Profile>[AclEntryProfile] Редактирование документа</Profile><Mask>None</Mask></AclEntryOfDocumentAclFlags><AclEntryOfDocumentAclFlags><Subject>[WorkGroup] Специалист по закупкам</Subject><Profile>[AclEntryProfile] Редактирование документа</Profile><Mask>None</Mask></AclEntryOfDocumentAclFlags><AclEntryOfDocumentAclFlags><Subject>[WorkGroup] Курирующий Зам Пред</Subject><Profile>[AclEntryProfile] Редактирование документа</Profile><Mask>None</Mask></AclEntryOfDocumentAclFlags><AclEntryOfDocumentAclFlags><Subject>[WorkGroup] Руководитель инициатора</Subject><Profile>[AclEntryProfile] Редактирование документа</Profile><Mask>None</Mask></AclEntryOfDocumentAclFlags></ExplicitAcl><ExplicitControlStateBehavior>ReadOnly</ExplicitControlStateBehavior><ExplicitControlCompletedStateBehavior>AsForNoControlState</ExplicitControlCompletedStateBehavior><ExplicitControlCancelledStateBehavior>AsForNoControlState</ExplicitControlCancelledStateBehavior><ImplicitAcl><AclEntryOfDocumentAclFlags><Subject>Registrator</Subject><Mask>ViewRegAndControlCardsAndWorkflow EditRegCard RegisterSelfBasedDocument StartControl StartRouteBasedProcess ManageDocumentLinks CreateTasks ViewAttachedFiles AddAndManageOwnedAttachedFiles DeleteAnyNonConfirmedAttachedFiles PrintRegAndControlCards EmailDocument EditDocumentAccessRights ExportApprovalList ExportAttachedFileToExternalApplication</Mask></AclEntryOfDocumentAclFlags><AclEntryOfDocumentAclFlags><Subject>DocumentObserver</Subject><Mask>ViewRegAndControlCardsAndWorkflow EditRegCard RegisterSelfBasedDocument StartRouteBasedProcess ManageDocumentLinks CreateTasks ViewAttachedFiles AddAndManageOwnedAttachedFiles DeleteAnyNonConfirmedAttachedFiles PrintRegAndControlCards EmailDocument EditDocumentAccessRights ExportApprovalList EditControlCard DeleteConfirmedAttachedFiles ExportAttachedFileToExternalApplication</Mask></AclEntryOfDocumentAclFlags><AclEntryOfDocumentAclFlags><Subject>ProcessObserver</Subject><Mask>ViewRegAndControlCardsAndWorkflow EditRegCard StartRouteBasedProcess CreateTasks ViewAttachedFiles AddAndManageOwnedAttachedFiles PrintRegAndControlCards EmailDocument EditDocumentAccessRights ExportApprovalList EditControlCard DeleteConfirmedAttachedFiles ExportAttachedFileToExternalApplication</Mask></AclEntryOfDocumentAclFlags><AclEntryOfDocumentAclFlags><Subject>WorkgroupParticipantBeforeActivityAccept</Subject><Mask>ViewRegAndControlCardsAndWorkflow</Mask></AclEntryOfDocumentAclFlags><AclEntryOfDocumentAclFlags><Subject>ExtendedObserver</Subject><Mask>ViewRegAndControlCardsAndWorkflow ViewAttachedFiles ExportAttachedFileToExternalApplication</Mask></AclEntryOfDocumentAclFlags><AclEntryOfDocumentAclFlags><Subject>WorkgroupChief</Subject><Mask>ViewRegAndControlCardsAndWorkflow EditRegCard StartControl StartRouteBasedProcess ManageDocumentLinks CreateTasks ViewAttachedFiles AddAndManageOwnedAttachedFiles PrintRegAndControlCards EmailDocument DeleteConfirmedAttachedFiles ExportAttachedFileToExternalApplication</Mask></AclEntryOfDocumentAclFlags><AclEntryOfDocumentAclFlags><Subject>DocflowAdmin</Subject><Mask>ViewRegAndControlCardsAndWorkflow EditRegCard RegisterSelfBasedDocument StartControl StartRouteBasedProcess ManageDocumentLinks CreateTasks ViewAttachedFiles AddAndManageOwnedAttachedFiles DeleteAnyNonConfirmedAttachedFiles PrintRegAndControlCards EmailDocument EditDocumentAccessRights ExportApprovalList EditControlCard DeleteConfirmedAttachedFiles ExportAttachedFileToExternalApplication</Mask></AclEntryOfDocumentAclFlags><AclEntryOfDocumentAclFlags><Subject>FlowManager</Subject><Mask>ViewRegAndControlCardsAndWorkflow EditRegCard RegisterSelfBasedDocument StartControl StartRouteBasedProcess ManageDocumentLinks CreateTasks ViewAttachedFiles AddAndManageOwnedAttachedFiles DeleteAnyNonConfirmedAttachedFiles PrintRegAndControlCards EmailDocument EditDocumentAccessRights ExportApprovalList EditControlCard DeleteConfirmedAttachedFiles ExportAttachedFileToExternalApplication</Mask></AclEntryOfDocumentAclFlags><AclEntryOfDocumentAclFlags><Subject>ExceptionPerformer</Subject><Mask>ViewRegAndControlCardsAndWorkflow</Mask></AclEntryOfDocumentAclFlags><AclEntryOfDocumentAclFlags><Subject>ChiefOfInitiator</Subject><Mask>EditRegCard ManageDocumentLinks DeleteAnyNonConfirmedAttachedFiles ExportAttachedFileToExternalApplication</Mask></AclEntryOfDocumentAclFlags><AclEntryOfDocumentAclFlags><Subject>Initiator</Subject><Mask>EditRegCard ManageDocumentLinks DeleteAnyNonConfirmedAttachedFiles ExportAttachedFileToExternalApplication</Mask></AclEntryOfDocumentAclFlags><AclEntryOfDocumentAclFlags><Subject>PerformerChief</Subject><Mask>ViewRegAndControlCardsAndWorkflow</Mask></AclEntryOfDocumentAclFlags><AclEntryOfDocumentAclFlags><Subject>DocumentPerformer</Subject><Mask>ViewRegAndControlCardsAndWorkflow EditRegCard RegisterSelfBasedDocument StartControl StartRouteBasedProcess ManageDocumentLinks CreateTasks ViewAttachedFiles AddAndManageOwnedAttachedFiles DeleteAnyNonConfirmedAttachedFiles PrintRegAndControlCards EmailDocument EditDocumentAccessRights ExportApprovalList ExportAttachedFileToExternalApplication</Mask></AclEntryOfDocumentAclFlags><AclEntryOfDocumentAclFlags><Subject>LookingForCoperformer</Subject><Mask>None</Mask></AclEntryOfDocumentAclFlags><AclEntryOfDocumentAclFlags><Subject>LookingForCoperformerWithEditingRight</Subject><Mask>None</Mask></AclEntryOfDocumentAclFlags><AclEntryOfDocumentAclFlags><Subject>ConfirmerCoperformer</Subject><Mask>None</Mask></AclEntryOfDocumentAclFlags><AclEntryOfDocumentAclFlags><Subject>ConfirmerCoperformerWithEditingRight</Subject><Mask>None</Mask></AclEntryOfDocumentAclFlags><AclEntryOfDocumentAclFlags><Subject>ApproverCoperformer</Subject><Mask>None</Mask></AclEntryOfDocumentAclFlags><AclEntryOfDocumentAclFlags><Subject>ApproverCoperformerWithEditingRight</Subject><Mask>None</Mask></AclEntryOfDocumentAclFlags><AclEntryOfDocumentAclFlags><Subject>TaskPowerPerformer</Subject><Mask>ViewRegAndControlCardsAndWorkflow RegisterSelfBasedDocument ManageDocumentLinks ViewAttachedFiles</Mask></AclEntryOfDocumentAclFlags><AclEntryOfDocumentAclFlags><Subject>TaskPowerPerformerWithEditingRight</Subject><Mask>ViewRegAndControlCardsAndWorkflow EditRegCard RegisterSelfBasedDocument ManageDocumentLinks ViewAttachedFiles AddAndManageOwnedAttachedFiles DeleteAnyNonConfirmedAttachedFiles EmailDocument ExportAttachedFileToExternalApplication</Mask></AclEntryOfDocumentAclFlags><AclEntryOfDocumentAclFlags><Subject>TaskCoperformer</Subject><Mask>ViewRegAndControlCardsAndWorkflow RegisterSelfBasedDocument ViewAttachedFiles</Mask></AclEntryOfDocumentAclFlags><AclEntryOfDocumentAclFlags><Subject>TaskCoperformerWithEditingRight</Subject><Mask>ViewRegAndControlCardsAndWorkflow EditRegCard RegisterSelfBasedDocument ManageDocumentLinks ViewAttachedFiles AddAndManageOwnedAttachedFiles DeleteAnyNonConfirmedAttachedFiles ExportAttachedFileToExternalApplication</Mask></AclEntryOfDocumentAclFlags><AclEntryOfDocumentAclFlags><Subject>LookingFor</Subject><Mask>ViewRegAndControlCardsAndWorkflow ViewAttachedFiles ExportAttachedFileToExternalApplication</Mask></AclEntryOfDocumentAclFlags><AclEntryOfDocumentAclFlags><Subject>Approver</Subject><Mask>ViewRegAndControlCardsAndWorkflow EditRegCard ViewAttachedFiles AddAndManageOwnedAttachedFiles DeleteAnyNonConfirmedAttachedFiles ExportAttachedFileToExternalApplication</Mask></AclEntryOfDocumentAclFlags><AclEntryOfDocumentAclFlags><Subject>Confirmer</Subject><Mask>ViewRegAndControlCardsAndWorkflow ViewAttachedFiles DeleteAnyNonConfirmedAttachedFiles ExportAttachedFileToExternalApplication</Mask></AclEntryOfDocumentAclFlags></ImplicitAcl><ImplicitTaskFinishedBehavior>ReadOnly</ImplicitTaskFinishedBehavior><ExtraAcl /></DocumentAccessUserPolicy><DocumentAccessUserPolicy><Name>Политика ППЗ</Name><ExplicitAcl><AclEntryOfDocumentAclFlags><Subject>[WorkGroup] Суперпользователи</Subject><Profile>[AclEntryProfile] Редактирование документа</Profile><Mask>None</Mask></AclEntryOfDocumentAclFlags><AclEntryOfDocumentAclFlags><Subject>[WorkGroup] Комиссия по закупкам</Subject><Profile>[AclEntryProfile] Редактирование документа</Profile><Mask>None</Mask></AclEntryOfDocumentAclFlags><AclEntryOfDocumentAclFlags><Subject>[WorkGroup] Инициаторы</Subject><Profile>[AclEntryProfile] Редактирование документа</Profile><Mask>None</Mask></AclEntryOfDocumentAclFlags><AclEntryOfDocumentAclFlags><Subject>[WorkGroup] Бюджетный комитет</Subject><Profile>[AclEntryProfile] Редактирование документа</Profile><Mask>None</Mask></AclEntryOfDocumentAclFlags><AclEntryOfDocumentAclFlags><Subject>[WorkGroup] Юридический департамент</Subject><Profile>[AclEntryProfile] Редактирование документа</Profile><Mask>None</Mask></AclEntryOfDocumentAclFlags><AclEntryOfDocumentAclFlags><Subject>[WorkGroup] Управление бюджетирования</Subject><Profile>[AclEntryProfile] Редактирование документа</Profile><Mask>None</Mask></AclEntryOfDocumentAclFlags><AclEntryOfDocumentAclFlags><Subject>[WorkGroup] Специалист по закупкам</Subject><Profile>[AclEntryProfile] Редактирование документа</Profile><Mask>None</Mask></AclEntryOfDocumentAclFlags><AclEntryOfDocumentAclFlags><Subject>[WorkGroup] Курирующий Зам Пред</Subject><Profile>[AclEntryProfile] Редактирование документа</Profile><Mask>None</Mask></AclEntryOfDocumentAclFlags><AclEntryOfDocumentAclFlags><Subject>[WorkGroup] Руководитель инициатора</Subject><Profile>[AclEntryProfile] Редактирование документа</Profile><Mask>None</Mask></AclEntryOfDocumentAclFlags></ExplicitAcl><ExplicitControlStateBehavior>ReadOnly</ExplicitControlStateBehavior><ExplicitControlCompletedStateBehavior>AsForNoControlState</ExplicitControlCompletedStateBehavior><ExplicitControlCancelledStateBehavior>AsForNoControlState</ExplicitControlCancelledStateBehavior><ImplicitAcl><AclEntryOfDocumentAclFlags><Subject>Registrator</Subject><Mask>ViewRegAndControlCardsAndWorkflow EditRegCard RegisterSelfBasedDocument StartControl StartRouteBasedProcess ManageDocumentLinks CreateTasks ViewAttachedFiles AddAndManageOwnedAttachedFiles DeleteAnyNonConfirmedAttachedFiles PrintRegAndControlCards EmailDocument EditDocumentAccessRights ExportApprovalList ExportAttachedFileToExternalApplication</Mask></AclEntryOfDocumentAclFlags><AclEntryOfDocumentAclFlags><Subject>DocumentObserver</Subject><Mask>ViewRegAndControlCardsAndWorkflow EditRegCard RegisterSelfBasedDocument StartRouteBasedProcess ManageDocumentLinks CreateTasks ViewAttachedFiles AddAndManageOwnedAttachedFiles DeleteAnyNonConfirmedAttachedFiles PrintRegAndControlCards EmailDocument EditDocumentAccessRights ExportApprovalList EditControlCard DeleteConfirmedAttachedFiles ExportAttachedFileToExternalApplication</Mask></AclEntryOfDocumentAclFlags><AclEntryOfDocumentAclFlags><Subject>ProcessObserver</Subject><Mask>ViewRegAndControlCardsAndWorkflow EditRegCard StartRouteBasedProcess CreateTasks ViewAttachedFiles AddAndManageOwnedAttachedFiles PrintRegAndControlCards EmailDocument EditDocumentAccessRights ExportApprovalList EditControlCard DeleteConfirmedAttachedFiles ExportAttachedFileToExternalApplication</Mask></AclEntryOfDocumentAclFlags><AclEntryOfDocumentAclFlags><Subject>WorkgroupParticipantBeforeActivityAccept</Subject><Mask>ViewRegAndControlCardsAndWorkflow</Mask></AclEntryOfDocumentAclFlags><AclEntryOfDocumentAclFlags><Subject>ExtendedObserver</Subject><Mask>ViewRegAndControlCardsAndWorkflow ViewAttachedFiles ExportAttachedFileToExternalApplication</Mask></AclEntryOfDocumentAclFlags><AclEntryOfDocumentAclFlags><Subject>WorkgroupChief</Subject><Mask>ViewRegAndControlCardsAndWorkflow EditRegCard StartControl StartRouteBasedProcess ManageDocumentLinks CreateTasks ViewAttachedFiles AddAndManageOwnedAttachedFiles PrintRegAndControlCards EmailDocument DeleteConfirmedAttachedFiles ExportAttachedFileToExternalApplication</Mask></AclEntryOfDocumentAclFlags><AclEntryOfDocumentAclFlags><Subject>DocflowAdmin</Subject><Mask>ViewRegAndControlCardsAndWorkflow EditRegCard RegisterSelfBasedDocument StartControl StartRouteBasedProcess ManageDocumentLinks CreateTasks ViewAttachedFiles AddAndManageOwnedAttachedFiles DeleteAnyNonConfirmedAttachedFiles PrintRegAndControlCards EmailDocument EditDocumentAccessRights ExportApprovalList EditControlCard DeleteConfirmedAttachedFiles ExportAttachedFileToExternalApplication</Mask></AclEntryOfDocumentAclFlags><AclEntryOfDocumentAclFlags><Subject>FlowManager</Subject><Mask>ViewRegAndControlCardsAndWorkflow EditRegCard RegisterSelfBasedDocument StartControl StartRouteBasedProcess ManageDocumentLinks CreateTasks ViewAttachedFiles AddAndManageOwnedAttachedFiles DeleteAnyNonConfirmedAttachedFiles PrintRegAndControlCards EmailDocument EditDocumentAccessRights ExportApprovalList EditControlCard DeleteConfirmedAttachedFiles ExportAttachedFileToExternalApplication</Mask></AclEntryOfDocumentAclFlags><AclEntryOfDocumentAclFlags><Subject>ExceptionPerformer</Subject><Mask>ViewRegAndControlCardsAndWorkflow</Mask></AclEntryOfDocumentAclFlags><AclEntryOfDocumentAclFlags><Subject>ChiefOfInitiator</Subject><Mask>EditRegCard ManageDocumentLinks DeleteAnyNonConfirmedAttachedFiles ExportAttachedFileToExternalApplication</Mask></AclEntryOfDocumentAclFlags><AclEntryOfDocumentAclFlags><Subject>Initiator</Subject><Mask>EditRegCard ManageDocumentLinks DeleteAnyNonConfirmedAttachedFiles ExportAttachedFileToExternalApplication</Mask></AclEntryOfDocumentAclFlags><AclEntryOfDocumentAclFlags><Subject>PerformerChief</Subject><Mask>ViewRegAndControlCardsAndWorkflow</Mask></AclEntryOfDocumentAclFlags><AclEntryOfDocumentAclFlags><Subject>DocumentPerformer</Subject><Mask>ViewRegAndControlCardsAndWorkflow EditRegCard RegisterSelfBasedDocument StartControl StartRouteBasedProcess ManageDocumentLinks CreateTasks ViewAttachedFiles AddAndManageOwnedAttachedFiles DeleteAnyNonConfirmedAttachedFiles PrintRegAndControlCards EmailDocument EditDocumentAccessRights ExportApprovalList ExportAttachedFileToExternalApplication</Mask></AclEntryOfDocumentAclFlags><AclEntryOfDocumentAclFlags><Subject>LookingForCoperformer</Subject><Mask>None</Mask></AclEntryOfDocumentAclFlags><AclEntryOfDocumentAclFlags><Subject>LookingForCoperformerWithEditingRight</Subject><Mask>None</Mask></AclEntryOfDocumentAclFlags><AclEntryOfDocumentAclFlags><Subject>ConfirmerCoperformer</Subject><Mask>None</Mask></AclEntryOfDocumentAclFlags><AclEntryOfDocumentAclFlags><Subject>ConfirmerCoperformerWithEditingRight</Subject><Mask>None</Mask></AclEntryOfDocumentAclFlags><AclEntryOfDocumentAclFlags><Subject>ApproverCoperformer</Subject><Mask>None</Mask></AclEntryOfDocumentAclFlags><AclEntryOfDocumentAclFlags><Subject>ApproverCoperformerWithEditingRight</Subject><Mask>None</Mask></AclEntryOfDocumentAclFlags><AclEntryOfDocumentAclFlags><Subject>TaskPowerPerformer</Subject><Mask>ViewRegAndControlCardsAndWorkflow RegisterSelfBasedDocument ManageDocumentLinks ViewAttachedFiles</Mask></AclEntryOfDocumentAclFlags><AclEntryOfDocumentAclFlags><Subject>TaskPowerPerformerWithEditingRight</Subject><Mask>ViewRegAndControlCardsAndWorkflow EditRegCard RegisterSelfBasedDocument ManageDocumentLinks ViewAttachedFiles AddAndManageOwnedAttachedFiles DeleteAnyNonConfirmedAttachedFiles EmailDocument ExportAttachedFileToExternalApplication</Mask></AclEntryOfDocumentAclFlags><AclEntryOfDocumentAclFlags><Subject>TaskCoperformer</Subject><Mask>ViewRegAndControlCardsAndWorkflow RegisterSelfBasedDocument ViewAttachedFiles</Mask></AclEntryOfDocumentAclFlags><AclEntryOfDocumentAclFlags><Subject>TaskCoperformerWithEditingRight</Subject><Mask>ViewRegAndControlCardsAndWorkflow EditRegCard RegisterSelfBasedDocument ManageDocumentLinks ViewAttachedFiles AddAndManageOwnedAttachedFiles DeleteAnyNonConfirmedAttachedFiles ExportAttachedFileToExternalApplication</Mask></AclEntryOfDocumentAclFlags><AclEntryOfDocumentAclFlags><Subject>LookingFor</Subject><Mask>ViewRegAndControlCardsAndWorkflow ViewAttachedFiles ExportAttachedFileToExternalApplication</Mask></AclEntryOfDocumentAclFlags><AclEntryOfDocumentAclFlags><Subject>Approver</Subject><Mask>ViewRegAndControlCardsAndWorkflow EditRegCard ViewAttachedFiles AddAndManageOwnedAttachedFiles DeleteAnyNonConfirmedAttachedFiles ExportAttachedFileToExternalApplication</Mask></AclEntryOfDocumentAclFlags><AclEntryOfDocumentAclFlags><Subject>Confirmer</Subject><Mask>ViewRegAndControlCardsAndWorkflow ViewAttachedFiles DeleteAnyNonConfirmedAttachedFiles ExportAttachedFileToExternalApplication</Mask></AclEntryOfDocumentAclFlags></ImplicitAcl><ImplicitTaskFinishedBehavior>ReadOnly</ImplicitTaskFinishedBehavior><ExtraAcl /></DocumentAccessUserPolicy><DocumentAccessUserPolicy><Name>Политика Протоколы 223ФЗ</Name><ExplicitAcl><AclEntryOfDocumentAclFlags><Subject>[WorkGroup] Суперпользователи</Subject><Profile>[AclEntryProfile] Редактирование документа</Profile><Mask>None</Mask></AclEntryOfDocumentAclFlags><AclEntryOfDocumentAclFlags><Subject>[WorkGroup] Комиссия по закупкам</Subject><Profile>[AclEntryProfile] Редактирование документа</Profile><Mask>None</Mask></AclEntryOfDocumentAclFlags><AclEntryOfDocumentAclFlags><Subject>[WorkGroup] Инициаторы</Subject><Profile>[AclEntryProfile] Редактирование документа</Profile><Mask>None</Mask></AclEntryOfDocumentAclFlags><AclEntryOfDocumentAclFlags><Subject>[WorkGroup] Бюджетный комитет</Subject><Profile>[AclEntryProfile] Редактирование документа</Profile><Mask>None</Mask></AclEntryOfDocumentAclFlags><AclEntryOfDocumentAclFlags><Subject>[WorkGroup] Юридический департамент</Subject><Profile>[AclEntryProfile] Редактирование документа</Profile><Mask>None</Mask></AclEntryOfDocumentAclFlags><AclEntryOfDocumentAclFlags><Subject>[WorkGroup] Управление бюджетирования</Subject><Profile>[AclEntryProfile] Редактирование документа</Profile><Mask>None</Mask></AclEntryOfDocumentAclFlags><AclEntryOfDocumentAclFlags><Subject>[WorkGroup] Специалист по закупкам</Subject><Profile>[AclEntryProfile] Редактирование документа</Profile><Mask>None</Mask></AclEntryOfDocumentAclFlags><AclEntryOfDocumentAclFlags><Subject>[WorkGroup] Курирующий Зам Пред</Subject><Profile>[AclEntryProfile] Редактирование документа</Profile><Mask>None</Mask></AclEntryOfDocumentAclFlags><AclEntryOfDocumentAclFlags><Subject>[WorkGroup] Руководитель инициатора</Subject><Profile>[AclEntryProfile] Редактирование документа</Profile><Mask>None</Mask></AclEntryOfDocumentAclFlags></ExplicitAcl><ExplicitControlStateBehavior>ReadOnly</ExplicitControlStateBehavior><ExplicitControlCompletedStateBehavior>AsForNoControlState</ExplicitControlCompletedStateBehavior><ExplicitControlCancelledStateBehavior>AsForNoControlState</ExplicitControlCancelledStateBehavior><ImplicitAcl><AclEntryOfDocumentAclFlags><Subject>Registrator</Subject><Mask>ViewRegAndControlCardsAndWorkflow EditRegCard RegisterSelfBasedDocument StartControl StartRouteBasedProcess ManageDocumentLinks CreateTasks ViewAttachedFiles AddAndManageOwnedAttachedFiles DeleteAnyNonConfirmedAttachedFiles PrintRegAndControlCards EmailDocument EditDocumentAccessRights ExportApprovalList ExportAttachedFileToExternalApplication</Mask></AclEntryOfDocumentAclFlags><AclEntryOfDocumentAclFlags><Subject>DocumentObserver</Subject><Mask>ViewRegAndControlCardsAndWorkflow EditRegCard RegisterSelfBasedDocument StartRouteBasedProcess ManageDocumentLinks CreateTasks ViewAttachedFiles AddAndManageOwnedAttachedFiles DeleteAnyNonConfirmedAttachedFiles PrintRegAndControlCards EmailDocument EditDocumentAccessRights ExportApprovalList EditControlCard DeleteConfirmedAttachedFiles ExportAttachedFileToExternalApplication</Mask></AclEntryOfDocumentAclFlags><AclEntryOfDocumentAclFlags><Subject>ProcessObserver</Subject><Mask>ViewRegAndControlCardsAndWorkflow EditRegCard StartRouteBasedProcess CreateTasks ViewAttachedFiles AddAndManageOwnedAttachedFiles PrintRegAndControlCards EmailDocument EditDocumentAccessRights ExportApprovalList EditControlCard DeleteConfirmedAttachedFiles ExportAttachedFileToExternalApplication</Mask></AclEntryOfDocumentAclFlags><AclEntryOfDocumentAclFlags><Subject>WorkgroupParticipantBeforeActivityAccept</Subject><Mask>ViewRegAndControlCardsAndWorkflow</Mask></AclEntryOfDocumentAclFlags><AclEntryOfDocumentAclFlags><Subject>ExtendedObserver</Subject><Mask>ViewRegAndControlCardsAndWorkflow ViewAttachedFiles ExportAttachedFileToExternalApplication</Mask></AclEntryOfDocumentAclFlags><AclEntryOfDocumentAclFlags><Subject>WorkgroupChief</Subject><Mask>ViewRegAndControlCardsAndWorkflow EditRegCard StartControl StartRouteBasedProcess ManageDocumentLinks CreateTasks ViewAttachedFiles AddAndManageOwnedAttachedFiles PrintRegAndControlCards EmailDocument DeleteConfirmedAttachedFiles ExportAttachedFileToExternalApplication</Mask></AclEntryOfDocumentAclFlags><AclEntryOfDocumentAclFlags><Subject>DocflowAdmin</Subject><Mask>ViewRegAndControlCardsAndWorkflow EditRegCard RegisterSelfBasedDocument StartControl StartRouteBasedProcess ManageDocumentLinks CreateTasks ViewAttachedFiles AddAndManageOwnedAttachedFiles DeleteAnyNonConfirmedAttachedFiles PrintRegAndControlCards EmailDocument EditDocumentAccessRights ExportApprovalList EditControlCard DeleteConfirmedAttachedFiles ExportAttachedFileToExternalApplication</Mask></AclEntryOfDocumentAclFlags><AclEntryOfDocumentAclFlags><Subject>FlowManager</Subject><Mask>ViewRegAndControlCardsAndWorkflow EditRegCard RegisterSelfBasedDocument StartControl StartRouteBasedProcess ManageDocumentLinks CreateTasks ViewAttachedFiles AddAndManageOwnedAttachedFiles DeleteAnyNonConfirmedAttachedFiles PrintRegAndControlCards EmailDocument EditDocumentAccessRights ExportApprovalList EditControlCard DeleteConfirmedAttachedFiles ExportAttachedFileToExternalApplication</Mask></AclEntryOfDocumentAclFlags><AclEntryOfDocumentAclFlags><Subject>ExceptionPerformer</Subject><Mask>ViewRegAndControlCardsAndWorkflow</Mask></AclEntryOfDocumentAclFlags><AclEntryOfDocumentAclFlags><Subject>ChiefOfInitiator</Subject><Mask>EditRegCard ManageDocumentLinks DeleteAnyNonConfirmedAttachedFiles ExportAttachedFileToExternalApplication</Mask></AclEntryOfDocumentAclFlags><AclEntryOfDocumentAclFlags><Subject>Initiator</Subject><Mask>EditRegCard ManageDocumentLinks DeleteAnyNonConfirmedAttachedFiles ExportAttachedFileToExternalApplication</Mask></AclEntryOfDocumentAclFlags><AclEntryOfDocumentAclFlags><Subject>PerformerChief</Subject><Mask>ViewRegAndControlCardsAndWorkflow</Mask></AclEntryOfDocumentAclFlags><AclEntryOfDocumentAclFlags><Subject>DocumentPerformer</Subject><Mask>ViewRegAndControlCardsAndWorkflow EditRegCard RegisterSelfBasedDocument StartControl StartRouteBasedProcess ManageDocumentLinks CreateTasks ViewAttachedFiles AddAndManageOwnedAttachedFiles DeleteAnyNonConfirmedAttachedFiles PrintRegAndControlCards EmailDocument EditDocumentAccessRights ExportApprovalList ExportAttachedFileToExternalApplication</Mask></AclEntryOfDocumentAclFlags><AclEntryOfDocumentAclFlags><Subject>LookingForCoperformer</Subject><Mask>None</Mask></AclEntryOfDocumentAclFlags><AclEntryOfDocumentAclFlags><Subject>LookingForCoperformerWithEditingRight</Subject><Mask>None</Mask></AclEntryOfDocumentAclFlags><AclEntryOfDocumentAclFlags><Subject>ConfirmerCoperformer</Subject><Mask>None</Mask></AclEntryOfDocumentAclFlags><AclEntryOfDocumentAclFlags><Subject>ConfirmerCoperformerWithEditingRight</Subject><Mask>None</Mask></AclEntryOfDocumentAclFlags><AclEntryOfDocumentAclFlags><Subject>ApproverCoperformer</Subject><Mask>None</Mask></AclEntryOfDocumentAclFlags><AclEntryOfDocumentAclFlags><Subject>ApproverCoperformerWithEditingRight</Subject><Mask>None</Mask></AclEntryOfDocumentAclFlags><AclEntryOfDocumentAclFlags><Subject>TaskPowerPerformer</Subject><Mask>ViewRegAndControlCardsAndWorkflow RegisterSelfBasedDocument ManageDocumentLinks ViewAttachedFiles</Mask></AclEntryOfDocumentAclFlags><AclEntryOfDocumentAclFlags><Subject>TaskPowerPerformerWithEditingRight</Subject><Mask>ViewRegAndControlCardsAndWorkflow EditRegCard RegisterSelfBasedDocument ManageDocumentLinks ViewAttachedFiles AddAndManageOwnedAttachedFiles DeleteAnyNonConfirmedAttachedFiles EmailDocument ExportAttachedFileToExternalApplication</Mask></AclEntryOfDocumentAclFlags><AclEntryOfDocumentAclFlags><Subject>TaskCoperformer</Subject><Mask>ViewRegAndControlCardsAndWorkflow RegisterSelfBasedDocument ViewAttachedFiles</Mask></AclEntryOfDocumentAclFlags><AclEntryOfDocumentAclFlags><Subject>TaskCoperformerWithEditingRight</Subject><Mask>ViewRegAndControlCardsAndWorkflow EditRegCard RegisterSelfBasedDocument ManageDocumentLinks ViewAttachedFiles AddAndManageOwnedAttachedFiles DeleteAnyNonConfirmedAttachedFiles ExportAttachedFileToExternalApplication</Mask></AclEntryOfDocumentAclFlags><AclEntryOfDocumentAclFlags><Subject>LookingFor</Subject><Mask>ViewRegAndControlCardsAndWorkflow ViewAttachedFiles ExportAttachedFileToExternalApplication</Mask></AclEntryOfDocumentAclFlags><AclEntryOfDocumentAclFlags><Subject>Approver</Subject><Mask>ViewRegAndControlCardsAndWorkflow EditRegCard ViewAttachedFiles AddAndManageOwnedAttachedFiles DeleteAnyNonConfirmedAttachedFiles ExportAttachedFileToExternalApplication</Mask></AclEntryOfDocumentAclFlags><AclEntryOfDocumentAclFlags><Subject>Confirmer</Subject><Mask>ViewRegAndControlCardsAndWorkflow ViewAttachedFiles DeleteAnyNonConfirmedAttachedFiles ExportAttachedFileToExternalApplication</Mask></AclEntryOfDocumentAclFlags></ImplicitAcl><ImplicitTaskFinishedBehavior>ReadOnly</ImplicitTaskFinishedBehavior><ExtraAcl /></DocumentAccessUserPolicy></Policies><Profiles><DocumentAclEntryProfile><Name>Просмотр документа</Name><Mask>ViewRegAndControlCardsAndWorkflow RegisterSelfBasedDocument ViewAttachedFiles PrintRegAndControlCards EmailDocument ExportApprovalList ExportAttachedFileToExternalApplication</Mask></DocumentAclEntryProfile><DocumentAclEntryProfile><Name>Редактирование документа</Name><Mask>ViewRegAndControlCardsAndWorkflow EditRegCard RegisterSelfBasedDocument StartControl StartRouteBasedProcess ManageDocumentLinks CreateTasks ViewAttachedFiles AddAndManageOwnedAttachedFiles DeleteAnyNonConfirmedAttachedFiles PrintRegAndControlCards EmailDocument EditDocumentAccessRights ExportApprovalList ExportAttachedFileToExternalApplication DeleteDocuments</Mask></DocumentAclEntryProfile><DocumentAclEntryProfile><Name>Редактирование РКК</Name><Mask>ViewRegAndControlCardsAndWorkflow EditRegCard</Mask></DocumentAclEntryProfile></Profiles><FlowSecurityDescriptors><DocumentFlowSecurityDescriptor><Flow>[DocumentFlow] Анализ рынка</Flow><Acl /><Policies><string>[DocumentAccessUserPolicy] Политика по умолчанию</string></Policies></DocumentFlowSecurityDescriptor><DocumentFlowSecurityDescriptor><Flow>[DocumentFlow] Договоры 223ФЗ</Flow><Acl><AclEntryOfDocumentFlowAclFlags><Subject>[AccessGroup] Все пользователи</Subject><Mask>View RegisterDocuments</Mask></AclEntryOfDocumentFlowAclFlags></Acl><Policies><string>[DocumentAccessUserPolicy] Политика по умолчанию</string></Policies></DocumentFlowSecurityDescriptor><DocumentFlowSecurityDescriptor><Flow>[DocumentFlow] Запросы RFI</Flow><Acl><AclEntryOfDocumentFlowAclFlags><Subject>[AccessGroup] Все пользователи</Subject><Mask>View RegisterDocuments</Mask></AclEntryOfDocumentFlowAclFlags></Acl><Policies><string>[DocumentAccessUserPolicy] Политика по умолчанию</string></Policies></DocumentFlowSecurityDescriptor><DocumentFlowSecurityDescriptor><Flow>[DocumentFlow] Заявка на размещение закупки 223ФЗ</Flow><Acl><AclEntryOfDocumentFlowAclFlags><Subject>[AccessGroup] Все пользователи</Subject><Mask>View RegisterDocuments</Mask></AclEntryOfDocumentFlowAclFlags></Acl><Policies><string>[DocumentAccessUserPolicy] Политика по умолчанию</string></Policies></DocumentFlowSecurityDescriptor><DocumentFlowSecurityDescriptor><Flow>[DocumentFlow] Тест поток</Flow><Acl><AclEntryOfDocumentFlowAclFlags><Subject>[AccessGroup] Все пользователи</Subject><Mask>View RegisterDocuments</Mask></AclEntryOfDocumentFlowAclFlags></Acl><Policies><string>[DocumentAccessUserPolicy] Политика по умолчанию</string></Policies></DocumentFlowSecurityDescriptor><DocumentFlowSecurityDescriptor><Flow>[DocumentFlow] Заявки участников ПКО</Flow><Acl><AclEntryOfDocumentFlowAclFlags><Subject>[AccessGroup] Все пользователи</Subject><Mask>View RegisterDocuments</Mask></AclEntryOfDocumentFlowAclFlags></Acl><Policies><string>[DocumentAccessUserPolicy] Политика по умолчанию</string></Policies></DocumentFlowSecurityDescriptor><DocumentFlowSecurityDescriptor><Flow>[DocumentFlow] Извещения о закупочной процедуре 223ФЗ</Flow><Acl><AclEntryOfDocumentFlowAclFlags><Subject>[AccessGroup] Все пользователи</Subject><Mask>View RegisterDocuments</Mask></AclEntryOfDocumentFlowAclFlags></Acl><Policies><string>[DocumentAccessUserPolicy] Политика по умолчанию</string></Policies></DocumentFlowSecurityDescriptor><DocumentFlowSecurityDescriptor><Flow>[DocumentFlow] Исполнение договора 223ФЗ</Flow><Acl><AclEntryOfDocumentFlowAclFlags><Subject>[AccessGroup] Все пользователи</Subject><Mask>View RegisterDocuments</Mask></AclEntryOfDocumentFlowAclFlags></Acl><Policies><string>[DocumentAccessUserPolicy] Политика по умолчанию</string></Policies></DocumentFlowSecurityDescriptor><DocumentFlowSecurityDescriptor><Flow>[DocumentFlow] Контрагенты</Flow><Acl><AclEntryOfDocumentFlowAclFlags><Subject>[AccessGroup] Все пользователи</Subject><Mask>View RegisterDocuments</Mask></AclEntryOfDocumentFlowAclFlags></Acl><Policies><string>[DocumentAccessUserPolicy] Политика по умолчанию</string></Policies></DocumentFlowSecurityDescriptor><DocumentFlowSecurityDescriptor><Flow>[DocumentFlow] Настройка таблиц</Flow><Acl><AclEntryOfDocumentFlowAclFlags><Subject>[AccessGroup] Все пользователи</Subject><Mask>View RegisterDocuments</Mask></AclEntryOfDocumentFlowAclFlags></Acl><Policies><string>[DocumentAccessUserPolicy] Политика по умолчанию</string></Policies></DocumentFlowSecurityDescriptor><DocumentFlowSecurityDescriptor><Flow>[DocumentFlow] Отмена процедуры</Flow><Acl><AclEntryOfDocumentFlowAclFlags><Subject>[AccessGroup] Все пользователи</Subject><Mask>View RegisterDocuments</Mask></AclEntryOfDocumentFlowAclFlags></Acl><Policies><string>[DocumentAccessUserPolicy] Политика по умолчанию</string></Policies></DocumentFlowSecurityDescriptor><DocumentFlowSecurityDescriptor><Flow>[DocumentFlow] Отчетность о договорах 223ФЗ</Flow><Acl /><Policies><string>[DocumentAccessUserPolicy] Политика по умолчанию</string></Policies></DocumentFlowSecurityDescriptor><DocumentFlowSecurityDescriptor><Flow>[DocumentFlow] Переторжки</Flow><Acl><AclEntryOfDocumentFlowAclFlags><Subject>[AccessGroup] Все пользователи</Subject><Mask>View RegisterDocuments</Mask></AclEntryOfDocumentFlowAclFlags></Acl><Policies><string>[DocumentAccessUserPolicy] Политика по умолчанию</string></Policies></DocumentFlowSecurityDescriptor><DocumentFlowSecurityDescriptor><Flow>[DocumentFlow] Перечни ТРУ 223ФЗ</Flow><Acl><AclEntryOfDocumentFlowAclFlags><Subject>[AccessGroup] Все пользователи</Subject><Mask>View RegisterDocuments</Mask></AclEntryOfDocumentFlowAclFlags></Acl><Policies><string>[DocumentAccessUserPolicy] Политика по умолчанию</string></Policies></DocumentFlowSecurityDescriptor><DocumentFlowSecurityDescriptor><Flow>[DocumentFlow] Печатные формы</Flow><Acl /><Policies><string>[DocumentAccessUserPolicy] Политика по умолчанию</string></Policies></DocumentFlowSecurityDescriptor><DocumentFlowSecurityDescriptor><Flow>[DocumentFlow] Планы закупок 223ФЗ</Flow><Acl><AclEntryOfDocumentFlowAclFlags><Subject>[AccessGroup] Все пользователи</Subject><Mask>View RegisterDocuments</Mask></AclEntryOfDocumentFlowAclFlags></Acl><Policies><string>[DocumentAccessUserPolicy] Политика по умолчанию</string></Policies></DocumentFlowSecurityDescriptor><DocumentFlowSecurityDescriptor><Flow>[DocumentFlow] Позиции плана закупок 223ФЗ</Flow><Acl><AclEntryOfDocumentFlowAclFlags><Subject>[AccessGroup] Все пользователи</Subject><Mask>View RegisterDocuments</Mask></AclEntryOfDocumentFlowAclFlags></Acl><Policies><string>[DocumentAccessUserPolicy] Политика по умолчанию</string></Policies></DocumentFlowSecurityDescriptor><DocumentFlowSecurityDescriptor><Flow>[DocumentFlow] Положение о закупках 223ФЗ</Flow><Acl><AclEntryOfDocumentFlowAclFlags><Subject>[AccessGroup] Все пользователи</Subject><Mask>View RegisterDocuments</Mask></AclEntryOfDocumentFlowAclFlags></Acl><Policies><string>[DocumentAccessUserPolicy] Политика по умолчанию</string></Policies></DocumentFlowSecurityDescriptor><DocumentFlowSecurityDescriptor><Flow>[DocumentFlow] Предквалификационный отбор</Flow><Acl><AclEntryOfDocumentFlowAclFlags><Subject>[AccessGroup] Все пользователи</Subject><Mask>View RegisterDocuments</Mask></AclEntryOfDocumentFlowAclFlags></Acl><Policies><string>[DocumentAccessUserPolicy] Политика по умолчанию</string></Policies></DocumentFlowSecurityDescriptor><DocumentFlowSecurityDescriptor><Flow>[DocumentFlow] Протоколы 223ФЗ</Flow><Acl><AclEntryOfDocumentFlowAclFlags><Subject>[AccessGroup] Все пользователи</Subject><Mask>View RegisterDocuments</Mask></AclEntryOfDocumentFlowAclFlags></Acl><Policies><string>[DocumentAccessUserPolicy] Политика по умолчанию</string></Policies></DocumentFlowSecurityDescriptor><DocumentFlowSecurityDescriptor><Flow>[DocumentFlow] Разъяснения положений документации 223ФЗ</Flow><Acl><AclEntryOfDocumentFlowAclFlags><Subject>[AccessGroup] Все пользователи</Subject><Mask>View RegisterDocuments</Mask></AclEntryOfDocumentFlowAclFlags></Acl><Policies><string>[DocumentAccessUserPolicy] Политика по умолчанию</string></Policies></DocumentFlowSecurityDescriptor><DocumentFlowSecurityDescriptor><Flow>[DocumentFlow] Расторжения договора 223ФЗ</Flow><Acl><AclEntryOfDocumentFlowAclFlags><Subject>[AccessGroup] Все пользователи</Subject><Mask>View RegisterDocuments</Mask></AclEntryOfDocumentFlowAclFlags></Acl><Policies><string>[DocumentAccessUserPolicy] Политика по умолчанию</string></Policies></DocumentFlowSecurityDescriptor><DocumentFlowSecurityDescriptor><Flow>[DocumentFlow] Сопоставление типов процедур</Flow><Acl /><Policies><string>[DocumentAccessUserPolicy] Политика по умолчанию</string></Policies></DocumentFlowSecurityDescriptor><DocumentFlowSecurityDescriptor><Flow>[DocumentFlow] Таблица Председателей</Flow><Acl><AclEntryOfDocumentFlowAclFlags><Subject>[AccessGroup] Все пользователи</Subject><Mask>View RegisterDocuments</Mask></AclEntryOfDocumentFlowAclFlags></Acl><Policies><string>[DocumentAccessUserPolicy] Политика по умолчанию</string></Policies></DocumentFlowSecurityDescriptor><DocumentFlowSecurityDescriptor><Flow>[DocumentFlow] Тип процедуры</Flow><Acl><AclEntryOfDocumentFlowAclFlags><Subject>[AccessGroup] Все пользователи</Subject><Mask>View RegisterDocuments</Mask></AclEntryOfDocumentFlowAclFlags></Acl><Policies><string>[DocumentAccessUserPolicy] Политика по умолчанию</string></Policies></DocumentFlowSecurityDescriptor><DocumentFlowSecurityDescriptor><Flow>[DocumentFlow] Итоговое задание</Flow><Acl><AclEntryOfDocumentFlowAclFlags><Subject>[Person] Администратор2 Администратор Администратор [E1Z-TEST3\Администратор]</Subject><Mask>Edit</Mask></AclEntryOfDocumentFlowAclFlags><AclEntryOfDocumentFlowAclFlags><Subject>[Person] 1 2 3 [E1Z-CLIENT3\admin]</Subject><Mask>Edit</Mask></AclEntryOfDocumentFlowAclFlags><AclEntryOfDocumentFlowAclFlags><Subject>[AccessGroup] Все пользователи</Subject><Mask>View RegisterDocuments</Mask></AclEntryOfDocumentFlowAclFlags></Acl><Policies><string>[DocumentAccessUserPolicy] Политика по умолчанию</string></Policies></DocumentFlowSecurityDescriptor><DocumentFlowSecurityDescriptor><Flow>[DocumentFlow] Поток 1</Flow><Acl><AclEntryOfDocumentFlowAclFlags><Subject>[Person] Администратор2 Администратор Администратор [E1Z-TEST3\Администратор]</Subject><Mask>Edit</Mask></AclEntryOfDocumentFlowAclFlags><AclEntryOfDocumentFlowAclFlags><Subject>[AccessGroup] Все пользователи</Subject><Mask>View RegisterDocuments</Mask></AclEntryOfDocumentFlowAclFlags></Acl><Policies><string>[DocumentAccessUserPolicy] Политика по умолчанию</string></Policies></DocumentFlowSecurityDescriptor></FlowSecurityDescriptors></DocflowSecurityConfiguration>