﻿<?xml version="1.0" encoding="utf-8"?><flow xmlns:xsi="http://www.w3.org/2001/XMLSchema-instance" xmlns:xsd="http://www.w3.org/2001/XMLSchema"><Property><prop name="name" value="Тип процедуры" /><prop name="title" value="Тип процедуры" /><prop name="law" value="" /><prop name="projectSettings" value="NoProjects" /><prop name="form" value="ProcedureType" /><prop name="regOnBase" value="CurrentDocLink" /><prop name="defTemplate" value="" /><prop name="templateObserver" value="" /><prop name="isHistoryEnabled" value="False" /></Property></flow>